{
  "utt_id": "20250912T124701_7fe961d1",
  "text": "Ishda yangi loyiha boshlandi, qiziq bo'ladi.",
  "duration_ms": 3780,
  "speaker_id": 5022385772,
  "created_at": "2025-09-12T12:47:02+00:00",
  "sample_rate": 16000,
  "bit_depth": "16-bit PCM",
  "lang": "uz-UZ",
  "gender": "male",
  "device": "phone",
  "region": "Qashqadaryo",
  "sentiment": "positive",
  "annotation": "Ish jarayonidagi yangilik.",
  "category": "work",
  "source_file": "20250912T124701_7fe961d1.json",
  "source_folder": null
}