{
  "utt_id": "20250912T134443_c3bdac14",
  "text": "Milliy raqs festivali ajoyib o'tdi, hayronman!",
  "duration_ms": 3654,
  "speaker_id": 7246004112,
  "created_at": "2025-09-12T13:44:43+00:00",
  "sample_rate": 16000,
  "bit_depth": "16-bit PCM",
  "lang": "uz-UZ",
  "gender": null,
  "device": null,
  "region": null,
  "sentiment": "positive",
  "annotation": "Madaniy tadbir haqida ijobiy fikr.",
  "category": "culture",
  "source_file": "20250912T134443_c3bdac14.json",
  "source_folder": null
}