{
  "utt_id": "20250912T124607_d9fafe5d",
  "text": "Bugun havo juda yaxshi, sayrga chiqaylikmi?",
  "duration_ms": 3080,
  "speaker_id": 5022385772,
  "created_at": "2025-09-12T12:46:07+00:00",
  "sample_rate": 16000,
  "bit_depth": "16-bit PCM",
  "lang": "uz-UZ",
  "gender": "male",
  "device": "computer",
  "region": "Qashqadaryo",
  "sentiment": "positive",
  "annotation": "Kundalik taklif, ijobiy kayfiyat.",
  "category": "daily",
  "source_file": "20250912T124607_d9fafe5d.json",
  "source_folder": null
}