{
  "utt_id": "20250912T124632_fa67e4df",
  "text": "Samolyot chiptasi narxi oshib ketdi, afsus.",
  "duration_ms": 3720,
  "speaker_id": 5022385772,
  "created_at": "2025-09-12T12:46:32+00:00",
  "sample_rate": 16000,
  "bit_depth": "16-bit PCM",
  "lang": "uz-UZ",
  "gender": "male",
  "device": "computer",
  "region": "Qashqadaryo",
  "sentiment": "negative",
  "annotation": "Sayohat xarajatlari haqida shikoyat.",
  "category": "travel",
  "source_file": "20250912T124632_fa67e4df.json",
  "source_folder": null
}